<?xml version="1.0" encoding="UTF-8"?>
<beans xmlns="http://www.springframework.org/schema/beans" xmlns:context="http://www.springframework.org/schema/context"
       xmlns:xsi="http://www.w3.org/2001/XMLSchema-instance" xmlns:ws="http://jax-ws.dev.java.net/spring/core"
       xmlns:wss="http://jax-ws.dev.java.net/spring/servlet"
       xsi:schemaLocation="http://www.springframework.org/schema/beans http://www.springframework.org/schema/beans/spring-beans-2.5.xsd
                           http://www.springframework.org/schema/context http://www.springframework.org/schema/context/spring-context-2.5.xsd
                           http://www.springframework.org/schema/util http://www.springframework.org/schema/util/spring-util-2.5.xsd
                           http://jax-ws.dev.java.net/spring/core http://jax-ws.dev.java.net/spring/core.xsd
                           http://jax-ws.dev.java.net/spring/servlet http://jax-ws.dev.java.net/spring/servlet.xsd">

	<!-- Register this ApplicationContext so it can publish beans --> 
	<bean class="org.pentaho.platform.engine.core.system.objfac.spring.ApplicationContextPentahoSystemRegisterer"
			scope="singleton"/> 

	<context:annotation-config />

	<bean id="rptdesign.viewer"
			class="org.pentaho.platform.plugin.services.webservices.content.PluginFileContentGenerator"
			scope="prototype">
		<property name="mimeType" value="text/html" />
		<property name="relativeFilePath" value="reportviewer/report.html" />
		<property name="pluginId" value="birt-reporting" />
	</bean>

	<bean id="rptdesign.parameterUi"
			class="org.pentaho.platform.plugin.services.webservices.content.PluginFileContentGenerator"
			scope="prototype">
		<property name="mimeType" value="text/html" />
		<property name="relativeFilePath" value="reportviewer/report.html" />
		<property name="pluginId" value="birt-reporting" />
	</bean>

	<bean id="rptdesign.parameter"
			class="com.innoventsolutions.pentaho.birtplugin.ParameterContentGenerator"
			scope="prototype"/>

	<bean id="rptdesign.report"
			class="com.innoventsolutions.pentaho.birtplugin.ReportContentGenerator"
			scope="prototype"/>

	<bean id="rptdesign"
			class="com.innoventsolutions.pentaho.birtplugin.ReportContentGenerator"
			scope="prototype"/>

	<!-- 
	<bean id="prpt.mobile"
			class="org.pentaho.platform.plugin.services.webservices.content.PluginFileContentGenerator"
			scope="prototype">
		<property name="mimeType" value="text/html" />
		<property name="relativeFilePath" value="reportviewer/report.html" />
		<property name="pluginId" value="reporting" />
	</bean>  
	<bean id="prpt.backgroundExecution"
			class="org.pentaho.reporting.platform.plugin.SimpleReportingAction"
			scope="prototype"/>
	<bean id="prpt.viewer-gwt"
			class="org.pentaho.platform.plugin.services.webservices.content.PluginFileContentGenerator"
			scope="prototype">
		<property name="mimeType" value="text/html" />
		<property name="relativeFilePath" value="reportviewer/gwt/report-test.html" />
		<property name="pluginId" value="reporting" />
	</bean>  

	<bean id="SimpleReportingComponent"
			class="org.pentaho.reporting.platform.plugin.SimpleReportingComponent"
			scope="prototype"/>

	<bean class="org.pentaho.platform.engine.core.solution.ContentInfo">
		<property name="mimeType" value="application/prpt"/>	
		<property name="extension" value=".prpt"/>	
		<property name="canImport" value="true"/>
		<property name="canExport" value="true"/>		
		<pen:publish as-type="INTERFACES"/>
	</bean>
	<bean id="org.pentaho.reporting.platform.plugin.output.ReportOutputHandlerFactory"
			class="org.pentaho.reporting.platform.plugin.output.FastExportReportOutputHandlerFactory"
			scope="prototype"/>
	<bean id="org.pentaho.reporting.platform.plugin.cache.ReportCache"
			class="org.pentaho.reporting.platform.plugin.cache.NullReportCache"
			scope="prototype"/>
	-->
</beans>
